{
    "File format version": [
        1,
        0,
        0
    ],
    "Window size": [
        500,
        500
    ],
    "Source": {
        "Position": [
            0.0,
            -1500.0,
            0.0,
            "mm"
        ],
        "Shape": "POINT",
        "Beam": {
            "Peak kilo voltage": 160.0,
            "Tube angle": 12.0,
            "mAs": 0.5,
            "filter": [
                [
                    50,
                    1.0,
                    "mm"
                ]
            ]
        }
    },
    "Detector": {
        "Position": [
            0.0,
            400.0,
            0.0,
            "mm"
        ],
        "UpVector": [
            0.0,
            0.0,
            -1.0
        ],
        "RightVector": [
            -1.0,
            0.0,
            0.0
        ],
        "NumberOfPixels": [
            512,
            512
        ],
        "Size": [
            256.0,
            256.0,
            "mm"
        ],
        "LSF": [
            0.0011069800239056349,
            0.0012259900104254484,
            0.0013652200577780604,
            0.0015295400517061353,
            0.0017253300175070763,
            0.001961159985512495,
            0.0022487000096589327,
            0.0026041900273412466,
            0.003050740109756589,
            0.0036221600603312254,
            0.004369390197098255,
            0.005372089799493551,
            0.006760119926184416,
            0.00875640008598566,
            0.011768239550292492,
            0.016599329188466072,
            0.024994460865855217,
            0.04120158031582832,
            0.0767488032579422,
            0.1591169834136963,
            0.24774515628814697,
            0.1591169834136963,
            0.0767488032579422,
            0.04120158031582832,
            0.024994460865855217,
            0.016599329188466072,
            0.011768239550292492,
            0.00875640008598566,
            0.006760119926184416,
            0.005372089799493551,
            0.004369390197098255,
            0.0036221600603312254,
            0.003050740109756589,
            0.0026041900273412466,
            0.0022487000096589327,
            0.001961159985512495,
            0.0017253300175070763,
            0.0015295400517061353,
            0.0013652200577780604,
            0.0012259900104254484,
            0.0011069800239056349
        ],
        "Scintillator": {
            "Material": "CsI",
            "Thickness": 500.0,
            "Unit": "um"
        }
    },
    "Scan": {
        "OutFolder": "../results/dragon/projs",
        "GifPath": "screenshots",
        "NumberOfProjections": 200,
        "AngleStep": 1.7999999523162842,
        "StartAngle": 0.0,
        "FinalAngle": 360.0,
        "IncludeLastAngle": true,
        "Flat-Field Correction": true,
        "NumberOfWhiteImages": 60,
        "CentreOfRotation": [
            0.0,
            0.0,
            0.0,
            "mm"
        ],
        "RotationAxis": [
            0.0,
            0.0,
            -1.0
        ]
    },
    "Samples": [
        {
            "Label": "Dragon",
            "Path": "..\\..\\..\\..\\AppData\\Local\\miniconda3\\envs\\gVXR-SPIE2024\\lib\\site-packages\\gvxrPython3\\_gvxrPython3\\welsh-dragon-small.stl",
            "Unit": "mm",
            "Material": [
                "Mixture",
                "Al6Ti90V4"
            ],
            "Density": 4.43,
            "Transform": [
                [
                    "Matrix",
                    [
                        1.0,
                        0.0,
                        0.0,
                        0.0,
                        0.0,
                        1.0,
                        0.0,
                        0.0,
                        0.0,
                        0.0,
                        1.0,
                        0.0,
                        10.479137420654297,
                        671.8119506835938,
                        -298.12640380859375,
                        1.0
                    ]
                ]
            ],
            "Type": "inner",
            "AmbientColour": [
                1.0,
                0.843137264251709,
                0.0,
                1.0
            ],
            "DiffuseColour": [
                1.0,
                0.843137264251709,
                0.0,
                1.0
            ],
            "SpecularColour": [
                1.0,
                1.0,
                1.0,
                1.0
            ],
            "Shininess": 50.0
        }
    ]
}